Item Slot,Phase,Heroic,N,Name,Item Number,Strength,Agility,Stamina,Intelligence,Spirit,Attack Power,Hit Rating,Crit Rating,Haste Rating,Armor Pen,Expertise Rating,Armor,Defense Rating,Dodge Rating,Parry Rating,Meta Gem,Red Gem,Blue Gem,Yellow Gem,Socket Bonus Amount,Socket Bonus Type,Use Trinket,Trinket Type,Trinket Chanceon,Trinket Chanceperc,Trinket Bonus Amount,Trinket Bonus Type,Trinket Length,Trinket ICD,Damage Low,Damage High
Head,0,FALSE,Spiked Titansteel Helm,Spiked Titansteel Helm,41386,97,0,0,0,0,0,60,44,0,0,0,1821,0,0,0,1,,1,,8,Crit Rating,FALSE,,,,,,,,,
Neck,0,FALSE,Gold Amulet of Kings,Gold Amulet of Kings,37397,47,0,57,0,0,0,0,43,0,0,0,0,0,0,0,,,,,0,Stamina,FALSE,,,,,,,,,
Shoulders,0,FALSE,Spaulders of the Giant Lords,Spaulders of the Giant Lords,44195,66,0,64,0,0,0,0,58,0,0,0,1625,0,0,0,,,,,0,Stamina,FALSE,,,,,,,,,
Back,0,FALSE,Cloak of Bloodied Waters,Cloak of Bloodied Waters,37647,60,0,37,0,0,0,0,34,0,0,0,145,0,0,0,,,,,0,Stamina,FALSE,,,,,,,,,
Chest,0,FALSE,Engraved Chestplate of Eck,Engraved Chestplate of Eck,43310,62,0,117,0,0,0,61,0,0,0,0,2166,0,0,0,,,1,1,6,Strength,FALSE,,,,,,,,,
Wrist,0,FALSE,Vengeance Bindings,Vengeance Bindings,41355,53,0,0,0,0,0,23,30,0,0,0,916,0,0,0,,,,,0,Stamina,FALSE,,,,,,,,,
Gloves,0,FALSE,Gauntlets of Dragon Wrath,Gauntlets of Dragon Wrath,37363,67,48,97,0,0,0,38,0,0,0,0,1401,0,0,0,,,,,0,Stamina,FALSE,,,,,,,,,
Waist,0,FALSE,Flame-Bathed Steel Girdle,Flame-Bathed Steel Girdle,37171,65,0,85,0,0,0,0,59,0,0,0,1261,0,0,0,,,1,,4,Strength,FALSE,,,,,,,,,
Legs,0,FALSE,Staggering Legplates,Staggering Legplates,37193,83,0,109,0,0,0,80,0,0,0,0,1961,0,0,0,,1,,1,9,Stamina,FALSE,,,,,,,,,
Boots,0,FALSE,Death-Inured Sabatons,Death-Inured Sabatons,44306,50,0,73,0,0,0,0,66,0,0,0,1541,0,0,0,,1,1,,6,Hit Rating,FALSE,,,,,,,,,
Ring,0,FALSE,Ring of the Kirin Tor,Ring of the Kirin Tor,44935,50,0,75,0,0,0,0,34,0,0,31,0,0,0,0,,,,,0,Stamina,FALSE,,,,,,,,,
Ring,0,FALSE,Band of Frosted Thorns,Band of Frosted Thorns,37151,45,0,63,0,0,0,0,42,0,0,0,0,0,0,0,,,,,0,Stamina,FALSE,,,,,,,,,
Trinket,0,FALSE,Mirror of Truth,Mirror of Truth,40684,0,0,0,0,0,0,0,84,0,0,0,0,0,0,0,,,,,0,Stamina,TRUE,Proc,Crit,0.10,1000,Attack Power,10,50,,
Trinket,0,FALSE,Meteorite Whetstone,Meteorite Whetstone,37390,0,0,0,0,0,0,0,74,0,0,0,0,0,0,0,,,,,0,Stamina,TRUE,Proc,Hit,0.15,444,Haste Rating,10,45,,
Sigil,0,FALSE,Sigil of the Frozen Conscience,Sigil of the Frozen Conscience,40822,0,0,0,0,0,0,0,0,0,0,0,0,0,0,0,,,,,0,Stamina,FALSE,,,,,,,,,
Head,0,FALSE,Mask of the Watcher,Mask of the Watcher,37293,0,36,66,0,0,140,0,0,0,0,62,443,0,0,0,1,,1,,8,Agility,FALSE,,,,,,,,,
Neck,0,FALSE,Titanium Impact Choker,Titanium Impact Choker,42645,0,33,51,0,0,84,0,0,0,42,0,0,0,0,0,,1,,,6,Stamina,FALSE,,,,,,,,,
Shoulders,0,FALSE,Spaulders of the Abomination,Spaulders of the Abomination,37679,0,50,45,29,0,100,0,30,0,0,0,909,0,0,0,,1,,,6,Stamina,FALSE,,,,,,,,,
Back,0,FALSE,Ice Striker's Cloak,Ice Striker's Cloak,43566,0,24,75,0,0,100,0,0,38,0,0,150,0,0,0,,,,,0,Stamina,FALSE,,,,,,,,,
Chest,0,FALSE,Carapace of Sun and Shadow,Carapace of Sun and Shadow,34369,0,42,45,0,0,120,30,0,38,0,0,499,0,0,0,,2,,1,8,Attack Power,FALSE,,,,,,,,,
Wrist,0,FALSE,Advanced Tooled-Leather Bands,Advanced Tooled-Leather Bands,37853,0,36,43,0,0,100,0,0,49,0,0,247,0,0,0,,,,,0,Stamina,FALSE,,,,,,,,,
Gloves,0,FALSE,Gloves of Immortal Dusk,Gloves of Immortal Dusk,34370,0,30,33,0,0,90,0,30,0,22,0,312,0,0,0,,2,,,3,Crit Rating,FALSE,,,,,,,,,
Waist,0,FALSE,Jorach's Crocolisk Skin Belt,Jorach's Crocolisk Skin Belt,40694,0,40,61,0,0,116,0,46,0,0,38,317,0,0,0,,,1,,4,Agility,FALSE,,,,,,,,,
Legs,0,FALSE,Legplates of Bloody Reprisal,Legplates of Bloody Reprisal,44205,96,0,117,0,0,0,0,0,0,90,0,1961,0,0,0,,,,,0,Stamina,FALSE,,,,,,,,,
Boots,0,FALSE,The Obliterator Greaves,The Obliterator Greaves,43402,57,0,0,0,0,0,0,0,53,43,0,1489,0,0,0,,,,1,6,Stamina,FALSE,,,,,,,,,
Ring,0,FALSE,Band of the Kirin Tor,Band of the Kirin Tor,40586,0,33,51,0,0,100,0,34,31,0,0,0,0,0,0,,,,,0,Stamina,FALSE,,,,,,,,,
Ring,0,FALSE,Titanium Impact Band,Titanium Impact Band,42642,0,33,51,0,0,84,0,0,0,41,0,0,0,0,0,,,,1,4,Armor Pen,FALSE,,,,,,,,,
Trinket,0,FALSE,Figurine - Emerald Boar,Figurine - Emerald Boar,42418,0,0,0,0,0,84,0,0,0,0,0,0,0,0,0,,,1,1,12,Attack Power,FALSE,,,,,,,,,
Trinket,0,FALSE,Mighty Alchemist's Stone,Mighty Alchemist's Stone,44324,0,0,0,0,0,100,0,50,0,0,0,0,0,0,0,,,,,0,Stamina,FALSE,,,,,,,,,
Sigil,0,FALSE,Sigil of the Unfaltering Knight,Sigil of the Unfaltering Knight,40714,0,0,0,0,0,0,0,0,0,0,0,0,0,0,0,,,,,0,Stamina,FALSE,,,,,,,,,
Head,0,FALSE,Chitin Shell Greathelm,Chitin Shell Greathelm,37237,63,0,93,0,0,0,0,60,0,0,0,1760,0,0,0,1,0,0,1,8,Strength,FALSE,,,,,,,,,
Head,0,FALSE,Planetary Helm,Planetary Helm,37849,80,76,78,0,0,0,52,0,0,0,0,1760,0,0,0,0,0,0,0,0,Stamina,FALSE,,,,,,,,,
Head,0,FALSE,Fang-Deflecting Faceguard,Fang-Deflecting Faceguard,44247,89,0,87,0,0,0,0,0,0,78,0,1760,0,0,0,0,0,0,0,0,Stamina,FALSE,,,,,,,,,
Head,0,FALSE,Charged Titanium Specs,Charged Titanium Specs,42552,75,0,109,0,0,0,0,72,0,0,0,1821,0,0,0,1,0,0,1,8,Crit Rating,FALSE,,,,,,,,,
Head,0,FALSE,Helm of Command,Helm of Command,41344,95,0,0,0,0,0,0,55,41,0,0,1700,0,0,0,0,0,0,0,0,Stamina,FALSE,,,,,,,,,
Shoulders,0,FALSE,Snake Den Spaulders,Snake Den Spaulders,37627,50,0,85,0,0,0,0,0,50,0,0,1625,0,0,0,0,0,0,1,6,Stamina,FALSE,,,,,,,,,
Shoulders,0,FALSE,Gold Star Spaulders,Gold Star Spaulders,44111,50,0,57,0,0,0,0,58,0,0,0,1570,0,0,0,0,0,0,0,0,Stamina,FALSE,,,,,,,,,
Chest,0,FALSE,Bonegrinder Breastplate,Bonegrinder Breastplate,37612,70,0,91,0,0,0,0,70,0,0,0,2166,0,0,0,0,1,1,0,6,Crit Rating,FALSE,,,,,,,,,
Chest,0,FALSE,Chestplate of Conquest,Chestplate of Conquest,41189,88,0,57,0,0,0,0,38,25,0,0,2043,0,0,0,0,0,0,0,0,Stamina,FALSE,,,,,,,,,
Gloves,0,FALSE,Gauntlets of Capture,Gauntlets of Capture,37874,58,34,64,0,0,0,0,0,56,0,0,1354,0,0,0,0,0,0,0,0,Stamina,FALSE,,,,,,,,,
Legs,0,FALSE,Legplates of Steel Implants,Legplates of Steel Implants,37675,70,0,103,0,0,0,0,0,62,0,0,1895,0,0,0,0,1,0,1,9,Stamina,FALSE,,,,,,,,,
Wrist,0,FALSE,Golden Limb Bands,Golden Limb Bands,37217,44,0,64,0,0,0,0,42,0,0,0,948,0,0,0,0,0,0,0,0,Stamina,FALSE,,,,,,,,,
Wrist,0,FALSE,Bands of the Stoneforge,Bands of the Stoneforge,37668,50,0,73,0,0,0,0,0,50,0,0,980,0,0,0,0,0,0,0,0,Stamina,FALSE,,,,,,,,,
Waist,0,FALSE,Strategist's Belt,Strategist's Belt,37178,52,0,73,0,0,0,0,0,56,0,0,1218,0,0,0,0,1,0,0,4,Haste Rating,FALSE,,,,,,,,,
Boots,0,FALSE,Rift Striders,Rift Striders,37150,50,0,85,0,0,0,0,50,0,0,0,1489,0,0,0,0,1,0,0,4,Crit Rating,FALSE,,,,,,,,,
Boots,0,FALSE,Dragon Slayer's Sabatons,Dragon Slayer's Sabatons,37167,0,42,38,25,0,100,0,0,30,0,0,833,0,0,0,0,2,0,0,9,Stamina,FALSE,,,,,,,,,
Trinket,0,FALSE,Sphere of Red Dragon's Blood,Sphere of Red Dragon's Blood,37166,0,0,0,0,0,0,55,0,0,0,0,0,0,0,0,0,0,0,0,0,Stamina,TRUE,Active,,,670,Attack Power,20,100,,
Trinket,0,FALSE,Incisor Fragment,Incisor Fragment,37723,0,0,0,0,0,148,0,0,0,0,0,0,0,0,0,0,0,0,0,0,Stamina,TRUE,Active,,,291,Armor Pen,20,100,,
Trinket,0,FALSE,Vestige of Haldor,Vestige of Haldor,37064,0,0,0,0,0,0,0,0,65,0,0,0,0,0,0,0,0,0,0,0,Stamina,TRUE,Proc,Hit,0.15,,Damage,0,45,1024,1536
Trinket,0,FALSE,Fezzik's Pocketwatch,Fezzik's Pocketwatch,44014,0,0,0,0,0,0,0,0,60,0,0,0,0,0,0,0,0,0,0,0,Stamina,TRUE,Active,,,432,Attack Power,15,105,,
Trinket,0,FALSE,Gnomish Lightning Generator,Gnomish Lightning Generator,41121,0,0,0,0,0,0,0,0,0,0,0,0,0,0,0,0,0,0,0,0,Stamina,TRUE,Active,,,,Damage,0,60,1530,1870
Trinket,0,FALSE,Frenzyheart Insignia of Fury,Frenzyheart Insignia of Fury,44073,0,0,0,0,0,0,0,0,0,0,0,0,0,0,0,0,0,0,0,0,Stamina,FALSE,,,,,,,,,
Trinket,0,FALSE,Oracle Talisman of Ablution,Oracle Talisman of Ablution,44074,0,0,0,0,0,0,0,71,0,0,0,0,0,0,0,0,0,0,0,0,Stamina,FALSE,,,,,,,,,
Trinket,0,FALSE,Darkmoon Card: Death,Darkmoon Card: Death,42990,0,0,0,0,0,0,0,85,0,0,0,0,0,0,0,0,0,0,0,0,Stamina,TRUE,Proc,Hit,0.15,,Damage,0,45,1750,2250
Ring,0,FALSE,Hemorrhaging Circle,Hemorrhaging Circle,37642,0,49,51,0,0,100,0,0,0,0,33,0,0,0,0,0,0,0,0,0,Stamina,FALSE,,,,,,,,,
Boots,0,FALSE,Spiked Titansteel Treads,Spiked Titansteel Treads,41391,80,0,67,0,0,0,0,35,0,0,0,1541,0,0,0,0,0,0,0,0,Stamina,FALSE,,,,,,,,,
Ring,0,FALSE,Mobius Band,Mobius Band,37685,0,43,46,0,0,86,25,0,0,0,0,0,0,0,0,0,0,0,0,0,Stamina,FALSE,,,,,,,,,
Chest,1,FALSE,Ziggurat Imprinted Chestguard,Ziggurat Imprinted Chestguard,37735,76,0,117,0,0,0,0,0,0,0,0,2166,49,0,56,,,,,0,Stamina,FALSE,,,,,,,,,
Gloves,1,FALSE,Zeliek's Gauntlets,Zeliek's Gauntlets,40347,67,0,79,0,0,0,0,0,67,0,43,1436,0,0,0,,,,,6,Stamina,FALSE,,,,,,,,,
Wrist,1,FALSE,Wristwraps of the Cutthroat,Wristwraps of the Cutthroat,40738,0,38,55,0,0,112,0,0,41,0,0,253,0,0,0,,,,,0,Stamina,FALSE,,,,,,,,,
Wrist,1,FALSE,Wristbands of the Sentinel Huntress,Wristbands of the Sentinel Huntress,40733,56,0,61,0,0,0,0,56,0,0,32,1005,0,0,0,,,,,0,Stamina,FALSE,,,,,,,,,
Ring,1,FALSE,Woeful Band,Woeful Band,38617,44,0,63,0,0,0,0,0,0,0,0,0,25,0,31,,,,,0,Stamina,FALSE,,,,,,,,,
Ring,1,FALSE,Windfire Band,Windfire Band,43252,0,0,27,0,0,0,0,35,35,0,0,0,0,0,0,,,,,4,Crit Rating,FALSE,,,,,,,,,
Chest,1,FALSE,Whalebone Carapace,Whalebone Carapace,44058,75,0,61,0,0,0,0,46,0,0,0,1886,0,0,0,,,,,0,Stamina,FALSE,,,,,,,,,
Chest,1,FALSE,Whale-Skin Breastplate,Whale-Skin Breastplate,44054,0,38,57,0,0,114,0,0,55,0,0,474,0,0,0,,,,,0,Stamina,FALSE,,,,,,,,,
Shoulders,1,FALSE,Wapach's Spaulders of Solidarity,Wapach's Spaulders of Solidarity,44312,53,0,100,0,0,0,0,0,0,0,42,1681,58,0,0,,,,,0,Stamina,FALSE,,,,,,,,,
Waist,1,FALSE,Waistguard of the Tutor,Waistguard of the Tutor,39298,67,0,97,0,0,0,0,0,0,0,0,1261,34,0,0,,,,,0,Stamina,FALSE,,,,,,,,,
Waist,1,FALSE,Waistguard of the Risen Knight,Waistguard of the Risen Knight,37801,58,0,87,0,0,0,0,0,0,0,0,1218,42,33,0,,,,,0,Stamina,FALSE,,,,,,,,,
Waist,1,FALSE,Waistguard of Living Iron,Waistguard of Living Iron,40689,57,0,88,0,0,0,0,0,0,0,0,1261,44,25,32,,,,,6,Stamina,FALSE,,,,,,,,,
Shoulders,1,FALSE,Virulent Spaulders,Virulent Spaulders,43130,0,38,48,0,0,94,0,34,0,0,0,878,0,0,0,,,,,0,Stamina,FALSE,,,,,,,,,
Waist,1,FALSE,Vereesa's Silver Chain Belt,Vereesa's Silver Chain Belt,40692,0,57,69,0,0,88,28,0,0,0,0,705,0,0,0,,,,,8,Attack Power,FALSE,,,,,,,,,
Waist,1,FALSE,Verdungo's Barbarian Cord,Verdungo's Barbarian Cord,40688,58,0,99,0,0,0,0,48,30,0,0,1261,0,0,0,,,,,4,Strength,FALSE,,,,,,,,,
Shoulders,1,FALSE,Valorous Scourgeborne Shoulderplates,Valorous Scourgeborne Shoulderplates,40557,75,0,82,0,0,0,43,58,0,0,0,1723,0,0,0,,,,,4,Strength,FALSE,,,,,,,,,
Shoulders,1,FALSE,Valorous Scourgeborne Pauldrons,Valorous Scourgeborne Pauldrons,40568,66,0,100,0,0,0,0,0,0,0,0,1723,34,33,50,,,,,6,Stamina,FALSE,,,,,,,,,
Legs,1,FALSE,Valorous Scourgeborne Legplates,Valorous Scourgeborne Legplates,40556,85,0,100,0,0,0,0,84,66,0,0,2011,0,0,0,,,,,6,Hit Rating,FALSE,,,,,,,,,
Legs,1,FALSE,Valorous Scourgeborne Legguards,Valorous Scourgeborne Legguards,40567,80,0,127,0,0,0,35,0,0,0,0,2011,50,72,0,,,,,9,Stamina,FALSE,,,,,,,,,
Head,1,FALSE,Valorous Scourgeborne Helmet,Valorous Scourgeborne Helmet,40554,85,0,100,0,0,0,34,100,0,0,0,1867,0,0,0,,,,,8,Strength,FALSE,,,,,,,,,
Gloves,1,FALSE,Valorous Scourgeborne Handguards,Valorous Scourgeborne Handguards,40563,57,0,99,0,0,0,38,0,0,0,0,1436,50,40,0,,,,,4,Parry Rating,FALSE,,,,,,,,,
Gloves,1,FALSE,Valorous Scourgeborne Gauntlets,Valorous Scourgeborne Gauntlets,40552,67,0,111,0,0,0,39,49,0,0,0,1436,0,0,0,,,,,4,Crit Rating,FALSE,,,,,,,,,
Head,1,FALSE,Valorous Scourgeborne Faceguard,Valorous Scourgeborne Faceguard,40565,80,0,127,0,0,0,0,0,0,0,35,1867,59,0,50,,,,,8,Parry Rating,FALSE,,,,,,,,,
Chest,1,FALSE,Valorous Scourgeborne Chestguard,Valorous Scourgeborne Chestguard,40559,92,0,127,0,0,0,0,0,0,0,0,2298,53,45,53,,,,,6,Dodge Rating,FALSE,,,,,,,,,
Chest,1,FALSE,Valorous Scourgeborne Battleplate,Valorous Scourgeborne Battleplate,40550,85,0,102,0,0,0,0,67,83,0,0,2298,0,0,0,,,,,9,Stamina,FALSE,,,,,,,,,
Trinket,1,FALSE,Valor Medal of the First War,Valor Medal of the First War,40683,0,0,0,0,0,0,0,0,0,0,0,0,0,84,0,,,,,0,Stamina,TRUE,Active,,,335,Dodge Rating,20,100,,
Shoulders,1,FALSE,Upstanding Spaulders,Upstanding Spaulders,44003,0,50,61,0,0,132,0,50,30,0,0,964,0,0,0,,,,,8,Attack Power,FALSE,,,,,,,,,
Ring,1,FALSE,Unsmashable Heavy Band,Unsmashable Heavy Band,37186,43,0,64,0,0,0,0,0,0,0,0,0,30,0,0,,,,,0,Stamina,FALSE,,,,,,,,,
Chest,1,FALSE,Undiminished Battleplate,Undiminished Battleplate,39767,100,0,115,0,0,0,100,0,0,0,51,2298,0,0,0,,,,,0,Stamina,FALSE,,,,,,,,,
Boots,1,FALSE,Twin-Headed Boots,Twin-Headed Boots,37870,0,30,45,0,0,116,0,58,0,0,0,833,0,0,0,,,,,0,Stamina,FALSE,,,,,,,,,
Chest,1,FALSE,Tunic of the Lost Pack,Tunic of the Lost Pack,39248,0,52,70,0,0,180,45,64,0,0,0,1254,0,0,0,,,,,0,Stamina,FALSE,,,,,,,,,
Chest,1,FALSE,Tunic of Masked Suffering,Tunic of Masked Suffering,40193,0,100,72,0,0,132,0,67,39,0,0,1286,0,0,0,,,,,0,Stamina,FALSE,,,,,,,,,
Chest,1,FALSE,Tunic of Indulgence,Tunic of Indulgence,40277,0,68,100,0,0,170,42,71,0,0,0,578,0,0,0,,,,,6,Agility,FALSE,,,,,,,,,
Chest,1,FALSE,Tunic of Dislocation,Tunic of Dislocation,39386,0,74,88,0,0,138,0,0,43,0,45,564,0,0,0,,,,,12,Attack Power,FALSE,,,,,,,,,
Shoulders,1,FALSE,Trollwoven Spaulders,Trollwoven Spaulders,43481,0,72,79,0,0,114,0,0,0,0,28,423,0,0,0,,,,,0,Stamina,FALSE,,,,,,,,,
Waist,1,FALSE,Trollwoven Girdle,Trollwoven Girdle,43484,0,66,72,0,0,132,0,0,0,0,38,317,0,0,0,,,,,0,Stamina,FALSE,,,,,,,,,
Boots,1,FALSE,Trespasser's Boots,Trespasser's Boots,39236,0,38,48,0,0,132,0,44,29,0,0,862,0,0,0,,,,,0,Stamina,FALSE,,,,,,,,,
Waist,1,FALSE,Treasure Seeker's Belt,Treasure Seeker's Belt,37243,0,29,66,0,0,116,41,0,0,0,0,307,0,0,0,,,,,4,Agility,FALSE,,,,,,,,,
Boots,1,FALSE,Toxin-Tempered Sabatons,Toxin-Tempered Sabatons,44243,51,0,76,0,0,0,0,0,0,0,0,1439,34,0,0,,,,,0,Stamina,FALSE,,,,,,,,,
Waist,1,FALSE,Torn Web Wrapping,Torn Web Wrapping,39762,0,50,75,0,0,150,29,49,0,0,0,723,0,0,0,,,,,0,Stamina,FALSE,,,,,,,,,
Head,1,FALSE,Toothslice Helm,Toothslice Helm,44109,0,34,80,0,0,138,0,34,0,0,0,952,0,0,0,,,,,0,Stamina,FALSE,,,,,,,,,
Ring,1,FALSE,Titanium Frostguard Ring,Titanium Frostguard Ring,43582,0,0,100,0,0,0,0,0,0,0,0,0,0,0,0,,,,,6,Stamina,FALSE,,,,,,,,,
Ring,1,FALSE,Titanium Earthguard Ring,Titanium Earthguard Ring,42643,50,0,63,0,0,0,0,0,0,0,0,0,25,34,0,,,,,4,Defense Rating,FALSE,,,,,,,,,
Neck,1,FALSE,Titanium Earthguard Chain,Titanium Earthguard Chain,42646,49,0,63,0,0,0,0,0,0,0,0,350,34,0,0,,,,,6,Stamina,FALSE,,,,,,,,,
Head,1,FALSE,Titan's Outlook,Titan's Outlook,40428,103,0,99,0,0,0,0,57,0,0,0,1821,0,0,0,,,,,0,Stamina,FALSE,,,,,,,,,
Wrist,1,FALSE,Thrusting Bands,Thrusting Bands,40186,0,56,57,0,0,76,36,0,0,0,38,253,0,0,0,,,,,0,Stamina,FALSE,,,,,,,,,
Ring,1,FALSE,The Prospector's Prize,The Prospector's Prize,37651,0,0,27,0,0,0,51,0,43,0,0,0,0,0,0,,,,,0,Stamina,FALSE,,,,,,,,,
Waist,1,FALSE,The General's Steel Girdle,The General's Steel Girdle,37826,58,36,85,0,0,0,41,0,0,0,0,1218,0,0,0,,,,,0,Stamina,FALSE,,,,,,,,,
Head,1,FALSE,Thane's Tainted Greathelm,Thane's Tainted Greathelm,39395,73,0,111,0,0,0,0,0,0,0,0,1821,40,39,44,,,,,8,Defense Rating,FALSE,,,,,,,,,
Boots,1,FALSE,Terrace Defence Boots,Terrace Defence Boots,37712,58,0,63,0,0,0,0,0,0,0,0,1489,41,0,0,,,,,0,Stamina,FALSE,,,,,,,,,
Boots,1,FALSE,Tempered Titansteel Treads,Tempered Titansteel Treads,41392,45,0,120,0,0,0,0,0,0,0,0,1541,35,0,0,,,,,0,Stamina,FALSE,,,,,,,,,
Head,1,FALSE,Tempered Titansteel Helm,Tempered Titansteel Helm,41387,61,0,162,0,0,0,0,0,0,0,0,1821,46,0,0,,,,,8,Defense Rating,FALSE,,,,,,,,,
Back,1,FALSE,Tattered Castle Drape,Tattered Castle Drape,37197,42,0,66,0,0,0,0,0,0,0,0,145,29,0,0,,,,,0,Stamina,FALSE,,,,,,,,,
Shoulders,1,FALSE,Swiftarrow Shoulderguards,Swiftarrow Shoulderguards,43449,0,34,51,0,0,68,0,34,0,0,0,878,0,0,0,,,,,0,Stamina,FALSE,,,,,,,,,
Legs,1,FALSE,Swiftarrow Leggings,Swiftarrow Leggings,43448,0,46,69,0,0,92,0,45,0,0,0,1025,0,0,0,,,,,0,Stamina,FALSE,,,,,,,,,
Head,1,FALSE,Swiftarrow Helm,Swiftarrow Helm,43447,0,46,69,0,0,92,0,45,0,0,0,952,0,0,0,,,,,0,Stamina,FALSE,,,,,,,,,
Chest,1,FALSE,Swiftarrow Hauberk,Swiftarrow Hauberk,43445,0,46,69,0,0,92,0,45,0,0,0,1171,0,0,0,,,,,0,Stamina,FALSE,,,,,,,,,
Gloves,1,FALSE,Swiftarrow Gauntlets,Swiftarrow Gauntlets,43446,0,34,51,0,0,68,0,34,0,0,0,732,0,0,0,,,,,0,Stamina,FALSE,,,,,,,,,
Wrist,1,FALSE,Swiftarrow Bracers,Swiftarrow Bracers,43444,0,26,39,0,0,50,0,26,0,0,0,512,0,0,0,,,,,0,Stamina,FALSE,,,,,,,,,
Boots,1,FALSE,Swiftarrow Boots,Swiftarrow Boots,43443,0,34,51,0,0,68,0,34,0,0,0,805,0,0,0,,,,,0,Stamina,FALSE,,,,,,,,,
Waist,1,FALSE,Swiftarrow Belt,Swiftarrow Belt,43442,0,34,51,0,0,68,0,34,0,0,0,659,0,0,0,,,,,0,Stamina,FALSE,,,,,,,,,
Ring,1,FALSE,Surge Needle Ring,Surge Needle Ring,40474,0,41,42,0,0,112,32,43,0,0,0,0,0,0,0,,,,,0,Stamina,FALSE,,,,,,,,,
Chest,1,FALSE,Sun-Emblazoned Chestplate,Sun-Emblazoned Chestplate,37658,53,0,117,0,0,0,51,0,0,0,0,2166,60,0,0,,,,,4,Hit Rating,FALSE,,,,,,,,,
Ring,1,FALSE,Strong-Handed Ring,Strong-Handed Ring,40074,0,56,48,0,0,82,28,0,41,0,0,0,0,0,0,,,,,0,Stamina,FALSE,,,,,,,,,
Waist,1,FALSE,Stalk-Skin Belt,Stalk-Skin Belt,40205,0,64,69,0,0,126,0,62,36,0,0,325,0,0,0,,,,,0,Stamina,FALSE,,,,,,,,,
Ring,1,FALSE,Stained-Glass Shard Ring,Stained-Glass Shard Ring,37624,0,30,39,0,0,86,0,0,43,0,0,0,0,0,0,,,,,0,Stamina,FALSE,,,,,,,,,
Shoulders,1,FALSE,Sprinting Shoulderpads,Sprinting Shoulderpads,37593,0,33,87,0,0,116,0,0,0,0,42,409,0,0,0,,,,,0,Stamina,FALSE,,,,,,,,,
Shoulders,1,FALSE,Spored Tendrils Spaulders,Spored Tendrils Spaulders,35616,0,45,27,0,0,66,26,0,0,0,0,797,0,0,0,,,,,0,Stamina,FALSE,,,,,,,,,
Waist,1,FALSE,Spectral Rider's Girdle,Spectral Rider's Girdle,39379,0,36,51,0,0,132,0,51,33,0,0,705,0,0,0,,,,,0,Stamina,FALSE,,,,,,,,,
Legs,1,FALSE,Special Issue Legplates,Special Issue Legplates,44240,30,0,102,0,0,0,46,0,0,0,0,1831,69,0,0,,,,,4,Strength,FALSE,,,,,,,,,
Shoulders,1,FALSE,Spaulders of the Careless Thief,Spaulders of the Careless Thief,37139,0,58,61,0,0,84,33,0,0,0,0,409,0,0,0,,,,,4,Hit Rating,FALSE,,,,,,,,,
Shoulders,1,FALSE,Spaulders of the Black Arrow,Spaulders of the Black Arrow,44257,0,58,42,0,0,88,0,33,0,0,0,909,0,0,0,,,,,0,Stamina,FALSE,,,,,,,,,
Shoulders,1,FALSE,Spaulders of Resumed Battle,Spaulders of Resumed Battle,39237,0,48,69,0,0,132,38,42,0,0,0,423,0,0,0,,,,,0,Stamina,FALSE,,,,,,,,,
Shoulders,1,FALSE,Spaulders of Grounded Lightning,Spaulders of Grounded Lightning,44171,0,34,51,0,0,68,0,34,0,0,0,878,0,0,0,,,,,0,Stamina,FALSE,,,,,,,,,
Shoulders,1,FALSE,Spaulders of Frozen Knives,Spaulders of Frozen Knives,44190,0,34,51,0,0,100,0,0,52,0,0,395,0,0,0,,,,,0,Stamina,FALSE,,,,,,,,,
Shoulders,1,FALSE,Spaulders of Egotism,Spaulders of Egotism,40305,0,50,75,0,0,150,0,57,37,0,0,434,0,0,0,,,,,0,Stamina,FALSE,,,,,,,,,
Trinket,1,FALSE,Spark of Life,Spark of Life,37657,0,0,0,0,0,0,0,0,73,0,0,0,0,0,0,,,,,0,Stamina,FALSE,,,,,,,,,
Wrist,1,FALSE,Slime Stream Bands,Slime Stream Bands,40282,0,48,45,0,0,76,20,36,0,0,0,563,0,0,0,,,,,8,Attack Power,FALSE,,,,,,,,,
Boots,1,FALSE,Slag Footguards,Slag Footguards,37841,0,38,75,0,0,116,0,30,0,0,0,375,0,0,0,,,,,4,Agility,FALSE,,,,,,,,,
Waist,1,FALSE,Skadi's Iron Belt,Skadi's Iron Belt,37379,49,0,87,0,0,0,0,0,0,0,0,1218,39,0,0,,,,,0,Stamina,FALSE,,,,,,,,,
Wrist,1,FALSE,Sinner's Bindings,Sinner's Bindings,39765,0,38,55,0,0,96,0,41,24,0,0,253,0,0,0,,,,,6,Stamina,FALSE,,,,,,,,,
Ring,1,FALSE,Signet of the Impregnable Fortress,Signet of the Impregnable Fortress,40718,38,0,84,0,0,0,27,0,0,0,21,0,56,0,0,,,,,0,Stamina,FALSE,,,,,,,,,
Ring,1,FALSE,Signet of the Accord,Signet of the Accord,40426,36,0,73,0,0,0,0,0,0,0,29,0,31,0,35,,,,,0,Stamina,FALSE,,,,,,,,,
Ring,1,FALSE,Signet of Edward the Odd,Signet of Edward the Odd,44308,0,49,54,0,0,58,0,0,29,0,0,0,0,0,0,,,,,0,Stamina,FALSE,,,,,,,,,
Sigil,1,FALSE,Sigil of Haunted Dreams,Sigil of Haunted Dreams,40715,0,0,0,0,0,0,0,0,0,0,0,0,0,0,0,,,,,0,Stamina,FALSE,,,,,,,,,
Sigil,1,FALSE,Sigil of Awareness,Sigil of Awareness,40207,0,0,0,0,0,0,0,0,0,0,0,0,0,0,0,,,,,0,Stamina,FALSE,,,,,,,,,
Back,1,FALSE,Shroud of Reverberation,Shroud of Reverberation,37840,0,25,64,0,0,86,0,0,0,0,31,145,0,0,0,,,,,0,Stamina,FALSE,,,,,,,,,
Head,1,FALSE,Shroud of Darkness,Shroud of Darkness,43403,0,36,78,0,0,62,0,61,0,0,0,443,0,0,0,,,,,12,Stamina,FALSE,,,,,,,,,
Shoulders,1,FALSE,Shoulderplates of Bloodshed,Shoulderplates of Bloodshed,39249,59,0,72,0,0,0,30,65,0,0,0,1681,0,0,0,,,,,4,Hit Rating,FALSE,,,,,,,,,
Shoulders,1,FALSE,Shoulderpads of Secret Arts,Shoulderpads of Secret Arts,40315,0,59,73,0,0,100,29,0,50,0,0,964,0,0,0,,,,,4,Intelligence,FALSE,,,,,,,,,
Shoulders,1,FALSE,Shoulderguards of the Undaunted,Shoulderguards of the Undaunted,40414,75,0,85,0,0,0,75,0,37,0,0,1723,0,0,0,,,,,0,Stamina,FALSE,,,,,,,,,
Shoulders,1,FALSE,Shoulderguards of Opportunity,Shoulderguards of Opportunity,40185,69,0,82,0,0,0,0,65,0,0,0,1723,0,0,0,,,,,4,Armor Pen,FALSE,,,,,,,,,
Waist,1,FALSE,Sharp-Barbed Leather Belt,Sharp-Barbed Leather Belt,37194,0,45,75,0,0,132,0,0,0,0,43,317,0,0,0,,,,,4,Expertise Rating,FALSE,,,,,,,,,
Neck,1,FALSE,Shadowseeker's Pendant,Shadowseeker's Pendant,43282,42,0,66,0,0,0,0,0,0,0,0,0,33,21,0,,,,,0,Stamina,FALSE,,,,,,,,,
Back,1,FALSE,Shadow of the Ghoul,Shadow of the Ghoul,40410,56,0,84,0,0,0,0,0,0,0,0,154,38,0,0,,,,,0,Stamina,FALSE,,,,,,,,,
Ring,1,FALSE,Sealing Ring of Grobbulus,Sealing Ring of Grobbulus,39277,0,36,43,0,0,100,0,38,24,0,0,0,0,0,0,,,,,0,Stamina,FALSE,,,,,,,,,
Gloves,1,FALSE,Seafoam Gauntlets,Seafoam Gauntlets,43255,0,47,56,0,0,92,0,0,0,38,0,329,0,0,0,,,,,0,Stamina,FALSE,,,,,,,,,
Ring,1,FALSE,Scarlet Signet,Scarlet Signet,45809,0,0,65,0,0,86,0,28,0,0,0,0,0,0,0,,,,,0,Stamina,FALSE,,,,,,,,,
Ring,1,FALSE,Savage Titanium Ring,Savage Titanium Ring,43482,0,0,48,0,0,32,0,33,0,0,0,0,0,0,0,,,,,4,Crit Rating,FALSE,,,,,,,,,
Boots,1,FALSE,Savage Saronite Walkers,Savage Saronite Walkers,41348,27,0,57,0,0,0,0,52,0,0,0,1439,0,0,0,,,,,0,Stamina,FALSE,,,,,,,,,
Waist,1,FALSE,Savage Saronite Waistguard,Savage Saronite Waistguard,41352,44,0,40,0,0,0,0,43,0,0,0,1177,0,0,0,,,,,0,Stamina,FALSE,,,,,,,,,
Head,1,FALSE,Savage Saronite Skullshield,Savage Saronite Skullshield,41350,37,0,78,0,0,0,0,70,0,0,0,1700,0,0,0,,,,,0,Stamina,FALSE,,,,,,,,,
Shoulders,1,FALSE,Savage Saronite Pauldrons,Savage Saronite Pauldrons,41351,52,0,66,0,0,0,0,43,0,0,0,1570,0,0,0,,,,,0,Stamina,FALSE,,,,,,,,,
Legs,1,FALSE,Savage Saronite Legplates,Savage Saronite Legplates,41347,59,0,99,0,0,0,0,44,0,0,0,1831,0,0,0,,,,,0,Stamina,FALSE,,,,,,,,,
Chest,1,FALSE,Savage Saronite Hauberk,Savage Saronite Hauberk,41353,72,0,105,0,0,0,0,37,0,0,0,2093,0,0,0,,,,,0,Stamina,FALSE,,,,,,,,,
Gloves,1,FALSE,Savage Saronite Gauntlets,Savage Saronite Gauntlets,41349,52,0,66,0,0,0,0,27,0,0,0,1308,0,0,0,,,,,0,Stamina,FALSE,,,,,,,,,
Wrist,1,FALSE,Savage Saronite Bracers,Savage Saronite Bracers,41354,37,0,48,0,0,0,0,24,0,0,0,916,0,0,0,,,,,0,Stamina,FALSE,,,,,,,,,
Ring,1,FALSE,Sand-Worn Band,Sand-Worn Band,40107,56,0,84,0,0,0,0,0,0,0,0,0,25,26,37,,,,,0,Stamina,FALSE,,,,,,,,,
Boots,1,FALSE,Sabatons of Sudden Reprisal,Sabatons of Sudden Reprisal,39706,67,0,82,0,0,0,0,66,43,0,0,1580,0,0,0,,,,,4,Strength,FALSE,,,,,,,,,
Boots,1,FALSE,Sabatons of Endurance,Sabatons of Endurance,40297,57,0,111,0,0,0,0,0,0,0,38,1580,55,43,0,,,,,0,Stamina,FALSE,,,,,,,,,
Boots,1,FALSE,Sabatons of Draconic Vigor,Sabatons of Draconic Vigor,44201,44,0,85,0,0,0,29,0,0,0,0,1489,58,0,0,,,,,0,Stamina,FALSE,,,,,,,,,
Ring,1,FALSE,Ruthlessness,Ruthlessness,40075,57,0,61,0,0,0,0,54,0,0,32,0,0,0,0,,,,,0,Stamina,FALSE,,,,,,,,,
Gloves,1,FALSE,Rusted-Link Spiked Gauntlets,Rusted-Link Spiked Gauntlets,39194,0,48,51,0,0,116,34,30,0,0,0,784,0,0,0,,,,,4,Hit Rating,FALSE,,,,,,,,,
Trinket,1,FALSE,Rune of Repulsion,Rune of Repulsion,40372,0,0,0,0,0,0,0,0,0,0,0,0,0,0,95,,,,,0,Stamina,TRUE,Active,,,375,Parry Rating,20,100,,
Legs,1,FALSE,Riveted Abomination Leggings,Riveted Abomination Leggings,40294,101,0,108,0,0,0,59,0,99,0,0,2011,0,0,0,,,,,0,Stamina,FALSE,,,,,,,,,
Ring,1,FALSE,Ring of Scarlet Shadows,Ring of Scarlet Shadows,43251,0,0,0,0,0,60,38,31,0,0,0,0,0,0,0,,,,,8,Attack Power,FALSE,,,,,,,,,
Ring,1,FALSE,Ring of Invincibility,Ring of Invincibility,40717,0,28,55,0,0,112,0,43,38,0,0,0,0,0,0,,,,,0,Stamina,FALSE,,,,,,,,,
Ring,1,FALSE,Ring of Earthen Might,Ring of Earthen Might,43250,38,0,34,0,0,0,0,0,0,0,0,350,0,26,0,,,,,4,Strength,FALSE,,,,,,,,,
Trinket,1,FALSE,Repelling Charge,Repelling Charge,39292,0,0,0,0,0,0,0,0,0,0,0,0,84,0,0,,,,,0,Stamina,FALSE,,,,,,,,,
Gloves,1,FALSE,Refined Ore Gloves,Refined Ore Gloves,37671,57,0,87,0,0,0,0,0,0,0,0,1354,42,0,0,,,,,0,Stamina,FALSE,,,,,,,,,
Chest,1,FALSE,Razorstrike Breastplate,Razorstrike Breastplate,43129,0,63,69,0,0,102,0,46,0,0,0,1171,0,0,0,,,,,0,Stamina,FALSE,,,,,,,,,
Legs,1,FALSE,Ravenous Leggings of the Furbolg,Ravenous Leggings of the Furbolg,37374,0,62,78,0,0,124,0,52,0,0,0,477,0,0,0,,,,,9,Stamina,FALSE,,,,,,,,,
Boots,1,FALSE,Ravaging Sabatons,Ravaging Sabatons,39139,67,0,72,0,0,0,0,38,65,0,0,1541,0,0,0,,,,,0,Stamina,FALSE,,,,,,,,,
Gloves,1,FALSE,Rapid Attack Gloves,Rapid Attack Gloves,39299,0,58,57,0,0,102,0,0,40,0,33,353,0,0,0,,,,,8,Attack Power,FALSE,,,,,,,,,
Wrist,1,FALSE,Raging Construct Bands,Raging Construct Bands,37656,0,43,29,0,0,86,18,0,0,0,0,530,0,0,0,,,,,0,Stamina,FALSE,,,,,,,,,
Chest,1,FALSE,Polished Regimental Hauberk,Polished Regimental Hauberk,44295,0,89,69,0,0,104,49,0,0,0,0,1254,0,0,0,,,,,4,Hit Rating,FALSE,,,,,,,,,
Chest,1,FALSE,Polar Vest,Polar Vest,43590,0,0,169,0,0,0,0,0,0,0,0,578,0,0,0,,,,,12,Stamina,FALSE,,,,,,,,,
Waist,1,FALSE,Polar Cord,Polar Cord,43591,0,0,129,0,0,0,0,0,0,0,0,325,0,0,0,,,,,9,Stamina,FALSE,,,,,,,,,
Boots,1,FALSE,Polar Boots,Polar Boots,43592,0,0,129,0,0,0,0,0,0,0,0,398,0,0,0,,,,,9,Stamina,FALSE,,,,,,,,,
Head,1,FALSE,Plunderer's Helmet,Plunderer's Helmet,37188,0,60,42,0,0,124,0,36,0,0,0,985,0,0,0,,,,,12,Stamina,FALSE,,,,,,,,,
Back,1,FALSE,Platinum Mesh Cloak,Platinum Mesh Cloak,40722,41,0,84,0,0,0,32,0,0,0,0,154,38,37,0,,,,,0,Stamina,FALSE,,,,,,,,,
Head,1,FALSE,Platehelm of the Great Wyrm,Platehelm of the Great Wyrm,40366,100,0,151,0,0,0,0,0,0,0,0,1867,48,38,0,,,,,0,Stamina,FALSE,,,,,,,,,
Boots,1,FALSE,Plague-Impervious Boots,Plague-Impervious Boots,39234,65,0,99,0,0,0,0,0,0,0,0,1541,44,26,33,,,,,0,Stamina,FALSE,,,,,,,,,
Trinket,1,FALSE,Pendulum of Telluric Currents,Pendulum of Telluric Currents,37264,0,0,0,0,0,0,0,0,74,0,0,0,0,0,0,,,,,0,Stamina,FALSE,,,,,,,,,
Neck,1,FALSE,Pendant of the Outcast Hero,Pendant of the Outcast Hero,40678,0,45,51,0,0,100,0,38,0,0,0,0,0,0,0,,,,,0,Stamina,FALSE,,,,,,,,,
Neck,1,FALSE,Pendant of the Nathrezim,Pendant of the Nathrezim,37689,43,0,64,0,0,0,0,0,0,0,0,0,25,0,31,,,,,0,Stamina,FALSE,,,,,,,,,
Neck,1,FALSE,Pendant of the Dragonsworn,Pendant of the Dragonsworn,44659,0,38,55,0,0,96,0,35,0,28,0,0,0,0,0,,,,,8,Attack Power,FALSE,,,,,,,,,
Shoulders,1,FALSE,Pauldrons of Unnatural Death,Pauldrons of Unnatural Death,39704,57,0,100,0,0,0,0,0,0,0,30,1723,43,0,53,,,,,4,Defense Rating,FALSE,,,,,,,,,
Shoulders,1,FALSE,Pauldrons of the Colossus,Pauldrons of the Colossus,37635,58,0,87,0,0,0,0,0,0,0,0,1625,31,0,0,,,,,6,Stamina,FALSE,,,,,,,,,
Shoulders,1,FALSE,Pauldrons of the Abandoned,Pauldrons of the Abandoned,40299,0,43,60,0,0,150,0,53,38,0,0,964,0,0,0,,,,,0,Stamina,FALSE,,,,,,,,,
Shoulders,1,FALSE,Pauldrons of Havoc,Pauldrons of Havoc,39397,0,44,66,0,0,132,0,36,33,0,0,941,0,0,0,,,,,0,Stamina,FALSE,,,,,,,,,
Ring,1,FALSE,Palladium Ring,Palladium Ring,35683,0,0,54,0,0,72,0,36,0,0,0,0,0,0,0,,,,,0,Stamina,FALSE,,,,,,,,,
Boots,1,FALSE,Pack-Ice Striders,Pack-Ice Striders,40746,0,49,75,0,0,150,39,0,0,0,0,884,0,0,0,,,,,0,Stamina,FALSE,,,,,,,,,
Trinket,1,FALSE,Offering of Sacrifice,Offering of Sacrifice,37638,0,0,0,0,0,0,0,0,0,0,0,550,0,0,0,,,,,0,Stamina,FALSE,,,,,,,,,
Head,1,FALSE,Obsidian Greathelm,Obsidian Greathelm,44006,98,0,145,0,0,0,0,76,0,0,59,1908,0,0,0,,,,,8,Strength,FALSE,,,,,,,,,
Neck,1,FALSE,Nexus War Champion Beads,Nexus War Champion Beads,44665,63,0,94,0,0,0,0,0,0,0,0,0,28,0,34,,,,,6,Stamina,FALSE,,,,,,,,,
Ring,1,FALSE,Nerubian Shield Ring,Nerubian Shield Ring,37591,43,0,64,0,0,0,0,0,0,0,0,462,21,0,0,,,,,0,Stamina,FALSE,,,,,,,,,
Neck,1,FALSE,Necklace of Arcane Spheres,Necklace of Arcane Spheres,37861,0,29,45,0,0,86,0,42,0,0,0,0,0,0,0,,,,,0,Stamina,FALSE,,,,,,,,,
Wrist,1,FALSE,Minion Bracers,Minion Bracers,39467,50,0,75,0,0,0,0,0,0,0,0,980,32,19,24,,,,,0,Stamina,FALSE,,,,,,,,,
Legs,1,FALSE,Mind-Expanding Leggings,Mind-Expanding Leggings,44179,0,78,67,0,0,110,0,0,0,0,62,477,0,0,0,,,,,4,Hit Rating,FALSE,,,,,,,,,
Boots,1,FALSE,Melancholy Sabatons,Melancholy Sabatons,40591,88,0,81,0,0,0,0,54,0,0,0,1614,0,0,0,,,,,0,Stamina,FALSE,,,,,,,,,
Neck,1,FALSE,Medallion of the Disgraced,Medallion of the Disgraced,39470,48,0,75,0,0,0,0,0,0,0,0,0,27,0,0,,,,,0,Stamina,FALSE,,,,,,,,,
Shoulders,1,FALSE,Massive Spaulders of the Jormungar,Massive Spaulders of the Jormungar,37373,0,41,57,0,0,116,33,0,0,0,0,909,0,0,0,,,,,0,Stamina,FALSE,,,,,,,,,
Chest,1,FALSE,Massive Skeletal Ribcage,Massive Skeletal Ribcage,39398,68,0,135,0,0,0,0,0,0,0,45,2241,52,0,64,,,,,0,Stamina,FALSE,,,,,,,,,
Trinket,1,FALSE,Mark of Norgannon,Mark of Norgannon,40531,0,0,0,0,0,0,0,0,0,0,69,0,0,0,0,,,,,0,Stamina,TRUE,Active,,,491,Haste Rating,20,100,,
Trinket,1,FALSE,Loatheb's Shadow,Loatheb's Shadow,39257,0,0,0,0,0,0,0,84,0,0,0,0,0,0,0,,,,,0,Stamina,TRUE,Active,,,670,Attack Power,20,100,,
Waist,1,FALSE,Ley-Whelphide Belt,Ley-Whelphide Belt,36978,0,52,51,0,0,100,0,18,0,0,0,296,0,0,0,,,,,6,Stamina,FALSE,,,,,,,,,
Legs,1,FALSE,Ley-Guardian's Legguards,Ley-Guardian's Legguards,37292,45,0,117,0,0,0,40,0,0,0,0,1895,77,0,0,,,,,6,Stamina,FALSE,,,,,,,,,
Legs,1,FALSE,Legplates of the Oculus Guardian,Legplates of the Oculus Guardian,37263,78,60,58,0,0,0,77,0,0,0,0,1895,0,0,0,,,,,0,Stamina,FALSE,,,,,,,,,
Legs,1,FALSE,Legplates of the Infinite Drakonid,Legplates of the Infinite Drakonid,37688,78,0,117,0,0,0,0,0,0,0,0,1895,45,55,0,,,,,0,Stamina,FALSE,,,,,,,,,
Legs,1,FALSE,Legplates of Sovereignty,Legplates of Sovereignty,40589,82,0,171,0,0,0,0,0,0,0,66,2054,86,0,57,,,,,0,Stamina,FALSE,,,,,,,,,
Legs,1,FALSE,Legplates of Inescapable Death,Legplates of Inescapable Death,39258,73,0,111,0,0,0,0,0,0,0,0,1961,56,0,0,,,,,6,Defense Rating,FALSE,,,,,,,,,
Legs,1,FALSE,Legplates of Double Strikes,Legplates of Double Strikes,40318,84,0,120,0,0,0,0,64,0,0,0,2011,0,0,0,,,,,6,Strength,FALSE,,,,,,,,,
Legs,1,FALSE,Legguards of Swarming Attacks,Legguards of Swarming Attacks,43286,0,48,99,0,0,78,0,0,0,0,54,477,0,0,0,,,,,8,Attack Power,FALSE,,,,,,,,,
Legs,1,FALSE,Leggings of the Stone Halls,Leggings of the Stone Halls,37669,0,60,88,0,0,180,0,64,0,0,0,1097,0,0,0,,,,,0,Stamina,FALSE,,,,,,,,,
Legs,1,FALSE,Leggings of the Honored,Leggings of the Honored,44011,0,76,112,0,0,196,66,0,65,0,0,517,0,0,0,,,,,6,Agility,FALSE,,,,,,,,,
Legs,1,FALSE,Leggings of Innumerable Barbs,Leggings of Innumerable Barbs,39280,74,0,133,0,0,0,0,36,64,0,0,1961,0,0,0,,,,,6,Crit Rating,FALSE,,,,,,,,,
Legs,1,FALSE,Leggings of Fleeting Moments,Leggings of Fleeting Moments,40333,0,100,100,0,0,132,0,77,55,0,0,506,0,0,0,,,,,0,Stamina,FALSE,,,,,,,,,
Legs,1,FALSE,Leggings of Failed Escape,Leggings of Failed Escape,40331,0,84,82,0,0,134,28,52,0,0,0,1125,0,0,0,,,,,6,Crit Rating,FALSE,,,,,,,,,
Legs,1,FALSE,Leggings of Discord,Leggings of Discord,39224,0,90,67,0,0,126,0,68,0,0,53,494,0,0,0,,,,,0,Stamina,FALSE,,,,,,,,,
Legs,1,FALSE,Leggings of Colossal Strides,Leggings of Colossal Strides,40201,0,68,78,0,0,200,0,51,67,0,0,1125,0,0,0,,,,,0,Stamina,FALSE,,,,,,,,,
Boots,1,FALSE,Kyzoc's Ground Stompers,Kyzoc's Ground Stompers,40743,75,0,111,0,0,0,0,0,0,0,0,1580,50,33,34,,,,,0,Stamina,FALSE,,,,,,,,,
Wrist,1,FALSE,King's Square Bracers,King's Square Bracers,37117,0,39,33,0,0,76,0,27,0,0,0,230,0,0,0,,,,,0,Stamina,FALSE,,,,,,,,,
Head,1,FALSE,King Dred's Helm,King Dred's Helm,37726,0,55,78,0,0,156,52,0,0,0,0,985,0,0,0,,,,,0,Stamina,FALSE,,,,,,,,,
Ring,1,FALSE,Keystone Great-Ring,Keystone Great-Ring,37784,32,0,75,0,0,0,0,0,0,0,0,490,0,49,0,,,,,0,Stamina,FALSE,,,,,,,,,
Boots,1,FALSE,Jormscale Footpads,Jormscale Footpads,43256,0,47,61,0,0,74,0,43,0,0,0,362,0,0,0,,,,,0,Stamina,FALSE,,,,,,,,,
Chest,1,FALSE,Ivory-Reinforced Chestguard,Ivory-Reinforced Chestguard,44057,43,0,84,0,0,0,0,0,0,0,28,1886,56,0,0,,,,,0,Stamina,FALSE,,,,,,,,,
Boots,1,FALSE,Iron-Spring Jumpers,Iron-Spring Jumpers,40206,76,0,85,0,0,0,73,0,0,0,0,1580,0,0,0,,,,,0,Stamina,FALSE,,,,,,,,,
Shoulders,1,FALSE,Iron Dwarf Smith Pauldrons,Iron Dwarf Smith Pauldrons,37814,58,0,87,0,0,0,0,0,0,0,0,1625,36,0,40,,,,,0,Stamina,FALSE,,,,,,,,,
Wrist,1,FALSE,Interwoven Scale Bracers,Interwoven Scale Bracers,37170,0,35,54,0,0,100,0,32,0,0,0,549,0,0,0,,,,,0,Stamina,FALSE,,,,,,,,,
Legs,1,FALSE,Infectious Skitterer Leggings,Infectious Skitterer Leggings,39761,0,77,87,0,0,200,0,72,50,0,0,506,0,0,0,,,,,0,Stamina,FALSE,,,,,,,,,
Boots,1,FALSE,Inexorable Sabatons,Inexorable Sabatons,39717,74,0,94,0,0,0,0,0,0,0,0,1580,24,0,0,,,,,6,Stamina,FALSE,,,,,,,,,
Trinket,1,FALSE,Indestructible Alchemist's Stone,Indestructible Alchemist's Stone,44323,0,0,75,0,0,0,0,0,0,0,0,0,0,50,0,,,,,0,Stamina,FALSE,,,,,,,,,
Chest,1,FALSE,Icy Scale Chestguard,Icy Scale Chestguard,43593,0,0,169,0,0,0,0,0,0,0,0,1286,0,0,0,,,,,12,Stamina,FALSE,,,,,,,,,
Boots,1,FALSE,Icy Scale Boots,Icy Scale Boots,43595,0,0,129,0,0,0,0,0,0,0,0,884,0,0,0,,,,,9,Stamina,FALSE,,,,,,,,,
Waist,1,FALSE,Icy Scale Belt,Icy Scale Belt,43594,0,0,129,0,0,0,0,0,0,0,0,723,0,0,0,,,,,9,Stamina,FALSE,,,,,,,,,
Neck,1,FALSE,Icy Blast Amulet,Icy Blast Amulet,40369,0,56,32,0,0,82,0,28,43,0,0,0,0,0,0,,,,,0,Stamina,FALSE,,,,,,,,,
Boots,1,FALSE,Icebane Treads,Icebane Treads,43588,0,0,129,0,0,0,0,0,0,0,0,1580,0,0,0,,,,,9,Stamina,FALSE,,,,,,,,,
Waist,1,FALSE,Icebane Girdle,Icebane Girdle,43587,0,0,129,0,0,0,0,0,0,0,0,1293,0,0,0,,,,,9,Stamina,FALSE,,,,,,,,,
Chest,1,FALSE,Icebane Chestguard,Icebane Chestguard,43586,0,0,169,0,0,0,0,0,0,0,0,2298,0,0,0,,,,,12,Stamina,FALSE,,,,,,,,,
Head,1,FALSE,Hyaline Helm of the Sniper,Hyaline Helm of the Sniper,40451,0,86,86,0,0,108,30,0,58,0,0,1045,0,0,0,,,,,4,Stamina,FALSE,,,,,,,,,
Gloves,1,FALSE,Horn-Tipped Gauntlets,Horn-Tipped Gauntlets,37645,38,0,97,0,0,0,0,0,0,0,67,1401,48,0,0,,,,,0,Stamina,FALSE,,,,,,,,,
Head,1,FALSE,Hood of the Exodus,Hood of the Exodus,40329,0,84,115,0,0,134,0,0,50,0,35,470,0,0,0,,,,,12,Attack Power,FALSE,,,,,,,,,
Legs,1,FALSE,Hollowed Mandible Legplates,Hollowed Mandible Legplates,37221,0,62,60,0,0,124,0,0,41,0,0,1061,0,0,0,,,,,6,Haste Rating,FALSE,,,,,,,,,
Trinket,1,FALSE,High-powered Flashlight,High-powered Flashlight,45631,0,0,0,0,0,0,24,0,0,0,0,0,0,0,0,,,,,0,Stamina,FALSE,,,,,,,,,
Shoulders,1,FALSE,Heroes' Scourgeborne Shoulderplates,Heroes' Scourgeborne Shoulderplates,39621,66,0,70,0,0,0,39,50,0,0,0,1681,0,0,0,,,,,4,Strength,FALSE,,,,,,,,,
Shoulders,1,FALSE,Heroes' Scourgeborne Pauldrons,Heroes' Scourgeborne Pauldrons,39627,58,0,87,0,0,0,0,0,0,0,0,1681,28,29,45,,,,,6,Stamina,FALSE,,,,,,,,,
Legs,1,FALSE,Heroes' Scourgeborne Legplates,Heroes' Scourgeborne Legplates,39620,75,0,90,0,0,0,0,72,59,0,0,1961,0,0,0,,,,,6,Hit Rating,FALSE,,,,,,,,,
Legs,1,FALSE,Heroes' Scourgeborne Legguards,Heroes' Scourgeborne Legguards,39626,72,0,111,0,0,0,30,0,0,0,0,1961,44,64,0,,,,,9,Stamina,FALSE,,,,,,,,,
Head,1,FALSE,Heroes' Scourgeborne Helmet,Heroes' Scourgeborne Helmet,39619,74,0,90,0,0,0,29,81,0,0,0,1821,0,0,0,,,,,8,Strength,FALSE,,,,,,,,,
Gloves,1,FALSE,Heroes' Scourgeborne Handguards,Heroes' Scourgeborne Handguards,39624,51,0,87,0,0,0,30,0,0,0,0,1401,43,38,0,,,,,4,Parry Rating,FALSE,,,,,,,,,
Gloves,1,FALSE,Heroes' Scourgeborne Gauntlets,Heroes' Scourgeborne Gauntlets,39618,57,0,99,0,0,0,33,46,0,0,0,1401,0,0,0,,,,,4,Crit Rating,FALSE,,,,,,,,,
Head,1,FALSE,Heroes' Scourgeborne Faceguard,Heroes' Scourgeborne Faceguard,39625,72,0,111,0,0,0,0,0,0,0,30,1821,49,0,43,,,,,8,Parry Rating,FALSE,,,,,,,,,
Chest,1,FALSE,Heroes' Scourgeborne Chestguard,Heroes' Scourgeborne Chestguard,39623,81,0,111,0,0,0,0,0,0,0,0,2241,47,38,47,,,,,6,Dodge Rating,FALSE,,,,,,,,,
Chest,1,FALSE,Heroes' Scourgeborne Battleplate,Heroes' Scourgeborne Battleplate,39617,74,0,90,0,0,0,0,60,72,0,0,2241,0,0,0,,,,,9,Stamina,FALSE,,,,,,,,,
Neck,1,FALSE,Heritage,Heritage,40069,43,0,84,0,0,0,28,0,0,0,0,0,32,41,0,,,,,0,Stamina,FALSE,,,,,,,,,
Head,1,FALSE,Helmet of the Shrine,Helmet of the Shrine,43311,0,62,76,0,0,80,0,0,0,0,35,985,0,0,0,,,,,8,Expertise Rating,FALSE,,,,,,,,,
Head,1,FALSE,Helm of Vital Protection,Helm of Vital Protection,40328,68,0,126,0,0,0,0,0,0,0,36,1867,59,0,56,,,,,12,Stamina,FALSE,,,,,,,,,
Head,1,FALSE,Helm of the Vast Legions,Helm of the Vast Legions,39399,0,74,78,0,0,120,43,0,48,0,0,458,0,0,0,,,,,8,Haste Rating,FALSE,,,,,,,,,
Head,1,FALSE,Helm of the Unsubmissive,Helm of the Unsubmissive,39403,74,0,96,0,0,0,36,0,73,0,0,1821,0,0,0,,,,,8,Strength,FALSE,,,,,,,,,
Head,1,FALSE,Helm of the Grave,Helm of the Grave,40344,0,51,78,0,0,170,0,49,0,0,0,1045,0,0,0,,,,,8,Agility,FALSE,,,,,,,,,
Head,1,FALSE,Helm of Cheated Fate,Helm of Cheated Fate,37636,0,78,67,0,0,156,0,0,55,0,0,443,0,0,0,,,,,0,Stamina,FALSE,,,,,,,,,
Chest,1,FALSE,Hauberk of the Arcane Wraith,Hauberk of the Arcane Wraith,37144,0,56,61,0,0,154,0,45,0,0,0,1212,0,0,0,,,,,4,Agility,FALSE,,,,,,,,,
Legs,1,FALSE,Hateful Gladiator's Dreadplate Legguards,Hateful Gladiator's Dreadplate Legguards,40841,74,0,133,0,0,50,0,44,0,0,0,1961,0,0,0,,,,,6,Strength,FALSE,,,,,,,,,
Gloves,1,FALSE,Hateful Gladiator's Dreadplate Gauntlets,Hateful Gladiator's Dreadplate Gauntlets,40803,58,0,99,0,0,50,0,27,0,0,0,1401,0,0,0,,,,,4,Crit Rating,FALSE,,,,,,,,,
Chest,1,FALSE,Hateful Gladiator's Dreadplate Chestpiece,Hateful Gladiator's Dreadplate Chestpiece,40781,74,0,133,0,0,50,0,44,0,0,0,2241,0,0,0,,,,,6,Resilience Rating,FALSE,,,,,,,,,
Gloves,1,FALSE,Handgrips of the Savage Emissary,Handgrips of the Savage Emissary,37886,0,65,52,0,0,132,0,36,0,0,0,784,0,0,0,,,,,0,Stamina,FALSE,,,,,,,,,
Back,1,FALSE,Hammerhead Sharkskin Cloak,Hammerhead Sharkskin Cloak,40721,0,28,61,0,0,112,0,43,32,0,0,154,0,0,0,,,,,0,Stamina,FALSE,,,,,,,,,
Head,1,FALSE,Ground Tremor Helm,Ground Tremor Helm,37633,48,0,93,0,0,0,37,0,0,0,0,1760,61,0,0,,,,,12,Stamina,FALSE,,,,,,,,,
Gloves,1,FALSE,Grotesque Handgrips,Grotesque Handgrips,40242,0,66,58,0,0,110,0,0,40,31,0,804,0,0,0,,,,,4,Haste Rating,FALSE,,,,,,,,,
Gloves,1,FALSE,Grips of the Beast God,Grips of the Beast God,37639,0,37,57,0,0,100,40,0,0,0,0,758,0,0,0,,,,,4,Hit Rating,FALSE,,,,,,,,,
Trinket,1,FALSE,Grim Toll,Grim Toll,40256,0,0,0,0,0,0,83,0,0,0,0,0,0,0,0,,,,,0,Stamina,TRUE,Proc,Hit,0.15,612,Armor Pen,10,45,,
Legs,1,FALSE,Greaves of Turbulence,Greaves of Turbulence,40240,100,0,150,0,0,0,0,0,0,0,0,2011,49,39,0,,,,,0,Stamina,FALSE,,,,,,,,,
Boots,1,FALSE,Greaves of Ancient Evil,Greaves of Ancient Evil,37618,57,0,87,0,0,0,0,0,0,0,0,1489,42,33,0,,,,,0,Stamina,FALSE,,,,,,,,,
Ring,1,FALSE,Greatring of Collision,Greatring of Collision,43993,0,20,64,0,0,96,0,41,0,32,0,0,0,0,0,,,,,8,Attack Power,FALSE,,,,,,,,,
Boots,1,FALSE,Gorloc Muddy Footwraps,Gorloc Muddy Footwraps,43312,0,33,61,0,0,100,0,0,50,0,0,375,0,0,0,,,,,6,Stamina,FALSE,,,,,,,,,
Legs,1,FALSE,Gored Hide Legguards,Gored Hide Legguards,37644,0,89,96,0,0,180,52,0,0,0,0,494,0,0,0,,,,,0,Stamina,FALSE,,,,,,,,,
Gloves,1,FALSE,Gloves of Fast Reactions,Gloves of Fast Reactions,40362,0,66,64,0,0,110,0,38,49,0,0,362,0,0,0,,,,,4,Agility,FALSE,,,,,,,,,
Gloves,1,FALSE,Gloves of Calculated Risk,Gloves of Calculated Risk,40262,0,43,57,0,0,150,38,55,0,0,0,804,0,0,0,,,,,0,Stamina,FALSE,,,,,,,,,
Waist,1,FALSE,Glitterscale Wrap,Glitterscale Wrap,44106,0,51,60,0,0,102,0,0,0,25,0,296,0,0,0,,,,,0,Stamina,FALSE,,,,,,,,,
Shoulders,1,FALSE,Glimmershell Shoulder Protectors,Glimmershell Shoulder Protectors,44112,50,0,75,0,0,0,0,0,0,0,0,1570,0,0,51,,,,,0,Stamina,FALSE,,,,,,,,,
Waist,1,FALSE,Girdle of the Mystical Prison,Girdle of the Mystical Prison,35653,36,0,40,0,0,0,0,63,0,0,0,1122,0,0,0,,,,,0,Stamina,FALSE,,,,,,,,,
Waist,1,FALSE,Girdle of the Ascended Phantom,Girdle of the Ascended Phantom,39345,67,0,97,0,0,0,51,33,0,0,0,1261,0,0,0,,,,,0,Stamina,FALSE,,,,,,,,,
Waist,1,FALSE,Girdle of Razuvious,Girdle of Razuvious,40317,75,0,85,0,0,0,0,74,0,0,38,1293,0,0,0,,,,,0,Stamina,FALSE,,,,,,,,,
Waist,1,FALSE,Girdle of Chivalry,Girdle of Chivalry,40278,70,0,88,0,0,0,46,0,60,0,0,1293,0,0,0,,,,,4,Haste Rating,FALSE,,,,,,,,,
Gloves,1,FALSE,Gilt-Edged Leather Gauntlets,Gilt-Edged Leather Gauntlets,37409,0,48,57,0,0,132,66,0,0,0,0,353,0,0,0,,,,,0,Stamina,FALSE,,,,,,,,,
Legs,1,FALSE,Giantmaim Legguards,Giantmaim Legguards,43458,0,90,63,0,0,128,0,0,0,59,0,1097,0,0,0,,,,,0,Stamina,FALSE,,,,,,,,,
Gloves,1,FALSE,Giant-Sized Gauntlets,Giant-Sized Gauntlets,44120,40,0,77,0,0,0,25,0,0,0,0,1308,0,51,0,,,,,0,Stamina,FALSE,,,,,,,,,
Waist,1,FALSE,Giant Ring Belt,Giant Ring Belt,44189,0,40,51,0,0,102,0,25,0,0,0,659,0,0,0,,,,,0,Stamina,FALSE,,,,,,,,,
Neck,1,FALSE,Gem of Imprisoned Vassals,Gem of Imprisoned Vassals,39421,0,32,55,0,0,112,0,41,38,0,0,0,0,0,0,,,,,0,Stamina,FALSE,,,,,,,,,
Gloves,1,FALSE,Gauntlets of the Water Revenant,Gauntlets of the Water Revenant,37862,42,0,87,0,0,0,33,0,0,0,0,1354,57,0,0,,,,,0,Stamina,FALSE,,,,,,,,,
Gloves,1,FALSE,Gauntlets of the Plundering Geist,Gauntlets of the Plundering Geist,37614,0,38,57,0,0,116,0,44,0,0,0,758,0,0,0,,,,,0,Stamina,FALSE,,,,,,,,,
Gloves,1,FALSE,Gauntlets of the Master,Gauntlets of the Master,39197,51,0,99,0,0,0,33,0,0,0,0,1401,38,48,0,,,,,0,Stamina,FALSE,,,,,,,,,
Gloves,1,FALSE,Gauntlets of the Disobedient,Gauntlets of the Disobedient,40188,74,0,112,0,0,0,0,0,0,0,0,1436,50,0,0,,,,,0,Stamina,FALSE,,,,,,,,,
Gloves,1,FALSE,Gauntlets of Combined Strength,Gauntlets of Combined Strength,39262,65,0,99,0,0,0,0,0,52,0,0,1401,0,0,0,,,,,0,Stamina,FALSE,,,,,,,,,
Ring,1,FALSE,Gatekeeper,Gatekeeper,40370,43,0,84,0,0,0,28,0,0,0,0,448,0,41,0,,,,,0,Stamina,FALSE,,,,,,,,,
Back,1,FALSE,Gale-Proof Cloak,Gale-Proof Cloak,43988,36,0,63,0,0,0,0,0,0,0,21,150,32,33,0,,,,,6,Stamina,FALSE,,,,,,,,,
Trinket,1,FALSE,Fury of the Five Flights,Fury of the Five Flights,40431,0,0,0,0,0,0,0,0,0,0,0,0,0,0,0,,,,,0,Stamina,FALSE,,,,,,,,,
Gloves,1,FALSE,Frosted Adroit Handguards,Frosted Adroit Handguards,40541,0,63,63,0,0,174,58,53,0,0,0,369,0,0,0,,,,,0,Stamina,FALSE,,,,,,,,,
Trinket,1,FALSE,Forge Ember,Forge Ember,37660,0,0,0,0,0,0,0,73,0,0,0,0,0,0,0,,,,,0,Stamina,FALSE,,,,,,,,,
Boots,1,FALSE,Footwraps of Vile Deceit,Footwraps of Vile Deceit,40243,0,67,76,0,0,112,0,0,49,0,30,398,0,0,0,,,,,8,Attack Power,FALSE,,,,,,,,,
Neck,1,FALSE,Fool's Trial,Fool's Trial,40065,0,38,55,0,0,112,28,43,0,0,0,0,0,0,0,,,,,0,Stamina,FALSE,,,,,,,,,
Waist,1,FALSE,Fleshless Girdle,Fleshless Girdle,40263,75,0,112,0,0,0,0,0,0,0,0,1293,36,28,0,,,,,0,Stamina,FALSE,,,,,,,,,
Head,1,FALSE,Fire-Scorched Greathelm,Fire-Scorched Greathelm,39723,100,0,150,0,0,0,59,72,0,0,0,1867,0,0,0,,,,,0,Stamina,FALSE,,,,,,,,,
Neck,1,FALSE,Favor of the Dragon Queen,Favor of the Dragon Queen,44664,0,42,63,0,0,110,0,41,0,31,0,0,0,0,0,,,,,8,Attack Power,FALSE,,,,,,,,,
Waist,1,FALSE,Eviscerator's Waistguard,Eviscerator's Waistguard,43437,0,51,51,0,0,68,0,34,0,0,0,296,0,0,0,,,,,0,Stamina,FALSE,,,,,,,,,
Boots,1,FALSE,Eviscerator's Treads,Eviscerator's Treads,43439,0,51,51,0,0,58,0,34,0,0,0,362,0,0,0,,,,,0,Stamina,FALSE,,,,,,,,,
Shoulders,1,FALSE,Eviscerator's Shoulderpads,Eviscerator's Shoulderpads,43433,0,51,51,0,0,68,0,34,0,0,0,395,0,0,0,,,,,0,Stamina,FALSE,,,,,,,,,
Legs,1,FALSE,Eviscerator's Legguards,Eviscerator's Legguards,43438,0,69,69,0,0,92,0,46,0,0,0,461,0,0,0,,,,,0,Stamina,FALSE,,,,,,,,,
Gloves,1,FALSE,Eviscerator's Gauntlets,Eviscerator's Gauntlets,43436,0,51,51,0,0,68,0,34,0,0,0,329,0,0,0,,,,,0,Stamina,FALSE,,,,,,,,,
Head,1,FALSE,Eviscerator's Facemask,Eviscerator's Facemask,43260,0,69,69,0,0,92,0,46,0,0,0,428,0,0,0,,,,,0,Stamina,FALSE,,,,,,,,,
Chest,1,FALSE,Eviscerator's Chestguard,Eviscerator's Chestguard,43434,0,69,69,0,0,92,0,46,0,0,0,527,0,0,0,,,,,0,Stamina,FALSE,,,,,,,,,
Wrist,1,FALSE,Eviscerator's Bindings,Eviscerator's Bindings,43435,0,39,38,0,0,50,0,26,0,0,0,230,0,0,0,,,,,0,Stamina,FALSE,,,,,,,,,
Trinket,1,FALSE,Essence of Gossamer,Essence of Gossamer,37220,0,0,111,0,0,0,0,0,0,0,0,0,0,0,0,,,,,0,Stamina,FALSE,,,,,,,,,
Boots,1,FALSE,Echoing Stompers,Echoing Stompers,37367,60,38,57,0,0,0,0,0,56,0,0,1489,0,0,0,,,,,0,Stamina,FALSE,,,,,,,,,
Wrist,1,FALSE,Eaglebane Bracers,Eaglebane Bracers,43131,0,41,39,0,0,64,34,0,0,0,0,512,0,0,0,,,,,0,Stamina,FALSE,,,,,,,,,
Back,1,FALSE,Durable Nerubhide Cape,Durable Nerubhide Cape,43565,41,0,75,0,0,0,0,0,0,0,21,150,0,49,0,,,,,0,Stamina,FALSE,,,,,,,,,
Back,1,FALSE,Drape of the Deadly Foe,Drape of the Deadly Foe,40403,0,42,63,0,0,126,0,49,31,0,0,157,0,0,0,,,,,0,Stamina,FALSE,,,,,,,,,
Neck,1,FALSE,Drakescale Collar,Drakescale Collar,44660,56,0,72,0,0,0,0,0,0,0,0,0,25,0,30,,,,,6,Stamina,FALSE,,,,,,,,,
Wrist,1,FALSE,Drake-Champion's Bracers,Drake-Champion's Bracers,37366,0,43,42,0,0,86,29,0,0,0,0,239,0,0,0,,,,,0,Stamina,FALSE,,,,,,,,,
Chest,1,FALSE,Dragonstorm Breastplate,Dragonstorm Breastplate,44000,100,0,127,0,0,0,0,0,0,0,0,2298,44,37,58,,,,,9,Stamina,FALSE,,,,,,,,,
Boots,1,FALSE,Dragonstompers,Dragonstompers,44438,0,33,57,0,0,92,26,0,0,0,0,768,0,0,0,,,,,0,Stamina,FALSE,,,,,,,,,
Wrist,1,FALSE,Dragonfriend Bracers,Dragonfriend Bracers,44203,0,49,38,0,0,100,0,38,0,0,0,247,0,0,0,,,,,0,Stamina,FALSE,,,,,,,,,
Legs,1,FALSE,Dragon Brood Legguards,Dragon Brood Legguards,40446,77,0,152,0,0,0,50,0,0,0,0,2011,72,58,0,,,,,0,Stamina,FALSE,,,,,,,,,
Gloves,1,FALSE,Dislocating Handguards,Dislocating Handguards,39727,0,55,75,0,0,150,50,0,0,0,38,362,0,0,0,,,,,0,Stamina,FALSE,,,,,,,,,
Waist,1,FALSE,Depraved Linked Belt,Depraved Linked Belt,40275,0,74,64,0,0,110,0,33,50,0,0,723,0,0,0,,,,,0,Stamina,FALSE,,,,,,,,,
Ring,1,FALSE,Deflection Band,Deflection Band,39141,38,0,75,0,0,0,25,0,0,0,0,0,28,36,0,,,,,0,Stamina,FALSE,,,,,,,,,
Trinket,1,FALSE,Defender's Code,Defender's Code,40257,0,0,0,0,0,0,0,0,0,0,0,850,0,0,0,,,,,0,Stamina,TRUE,Active,,,455,Dodge Rating,20,100,,
Legs,1,FALSE,Deadly Gladiator's Dreadplate Legguards,Deadly Gladiator's Dreadplate Legguards,40845,85,0,150,0,0,50,0,51,0,0,0,2011,0,0,0,,,,,6,Strength,FALSE,,,,,,,,,
Gloves,1,FALSE,Deadly Gladiator's Dreadplate Gauntlets,Deadly Gladiator's Dreadplate Gauntlets,40806,67,0,111,0,0,50,0,32,0,0,0,1436,0,0,0,,,,,4,Crit Rating,FALSE,,,,,,,,,
Chest,1,FALSE,Deadly Gladiator's Dreadplate Chestpiece,Deadly Gladiator's Dreadplate Chestpiece,40784,85,0,150,0,0,50,0,51,0,0,0,2298,0,0,0,,,,,6,Resilience Rating,FALSE,,,,,,,,,
Boots,1,FALSE,Dawnwalkers,Dawnwalkers,39701,0,50,57,0,0,148,50,57,0,0,0,398,0,0,0,,,,,0,Stamina,FALSE,,,,,,,,,
Legs,1,FALSE,Daunting Legplates,Daunting Legplates,41345,54,0,93,0,0,0,0,0,0,0,0,1831,88,0,0,,,,,0,Stamina,FALSE,,,,,,,,,
Gloves,1,FALSE,Daunting Handguards,Daunting Handguards,41357,30,0,60,0,0,0,0,0,0,0,0,1308,71,0,0,,,,,0,Stamina,FALSE,,,,,,,,,
Wrist,1,FALSE,Darkweb Bindings,Darkweb Bindings,35640,0,34,27,0,0,52,14,0,0,0,0,477,0,0,0,,,,,0,Stamina,FALSE,,,,,,,,,
Chest,1,FALSE,Darkheart Chestguard,Darkheart Chestguard,44303,0,88,67,0,0,180,0,0,0,68,0,564,0,0,0,,,,,0,Stamina,FALSE,,,,,,,,,
Back,1,FALSE,Dark Soldier Cape,Dark Soldier Cape,44242,0,0,28,0,0,0,29,0,0,0,0,140,0,0,0,,,,,0,Stamina,FALSE,,,,,,,,,
Legs,1,FALSE,Dark Frostscale Leggings,Dark Frostscale Leggings,44436,0,39,46,0,0,62,0,39,0,0,0,929,0,0,0,,,,,0,Stamina,FALSE,,,,,,,,,
Chest,1,FALSE,Dark Frostscale Breastplate,Dark Frostscale Breastplate,44437,0,55,64,0,0,88,0,55,0,0,0,1089,0,0,0,,,,,0,Stamina,FALSE,,,,,,,,,
Legs,1,FALSE,Dark Arctic Leggings,Dark Arctic Leggings,38591,0,44,82,0,0,110,0,43,0,0,0,428,0,0,0,,,,,0,Stamina,FALSE,,,,,,,,,
Chest,1,FALSE,Dark Arctic Chestpiece,Dark Arctic Chestpiece,38592,0,52,84,0,0,104,0,45,0,0,0,502,0,0,0,,,,,0,Stamina,FALSE,,,,,,,,,
Chest,1,FALSE,Cuttlefish Scale Breastplate,Cuttlefish Scale Breastplate,44059,0,56,84,0,0,82,0,0,0,0,0,1055,0,0,0,,,,,0,Stamina,FALSE,,,,,,,,,
Chest,1,FALSE,Custodian's Chestpiece,Custodian's Chestpiece,37219,0,56,0,0,0,154,0,78,0,0,45,545,0,0,0,,,,,0,Stamina,FALSE,,,,,,,,,
Chest,1,FALSE,Cult's Chestguard,Cult's Chestguard,39724,0,72,88,0,0,200,67,0,0,0,38,1286,0,0,0,,,,,0,Stamina,FALSE,,,,,,,,,
Wrist,1,FALSE,Cuffs of Dark Shadows,Cuffs of Dark Shadows,39247,0,38,49,0,0,100,0,32,0,0,0,247,0,0,0,,,,,0,Stamina,FALSE,,,,,,,,,
Chest,1,FALSE,Crystal-Infused Tunic,Crystal-Infused Tunic,37165,0,53,64,0,0,138,51,0,0,0,0,545,0,0,0,,,,,9,Stamina,FALSE,,,,,,,,,
Shoulders,1,FALSE,Crusader's Square Pauldrons,Crusader's Square Pauldrons,37115,50,0,78,0,0,0,0,0,0,0,0,1570,29,37,0,,,,,0,Stamina,FALSE,,,,,,,,,
Gloves,1,FALSE,Crude Discolored Battlegrips,Crude Discolored Battlegrips,40261,75,0,82,0,0,0,74,43,0,0,0,1436,0,0,0,,,,,0,Stamina,FALSE,,,,,,,,,
Boots,1,FALSE,Crippled Treads,Crippled Treads,40184,0,75,75,0,0,100,0,49,33,0,0,884,0,0,0,,,,,0,Stamina,FALSE,,,,,,,,,
Head,1,FALSE,Cover of Silence,Cover of Silence,40296,0,59,108,0,0,200,50,77,0,0,0,470,0,0,0,,,,,0,Stamina,FALSE,,,,,,,,,
Waist,1,FALSE,Cord of Swirling Winds,Cord of Swirling Winds,37845,0,39,54,0,0,116,0,0,42,0,0,682,0,0,0,,,,,0,Stamina,FALSE,,,,,,,,,
Shoulders,1,FALSE,Concealment Shoulderpads,Concealment Shoulderpads,40437,0,54,77,0,0,132,0,0,0,0,53,434,0,0,0,,,,,0,Stamina,FALSE,,,,,,,,,
Neck,1,FALSE,Collar of Dissolution,Collar of Dissolution,39146,0,36,29,0,0,100,24,0,0,0,38,0,0,0,0,,,,,0,Stamina,FALSE,,,,,,,,,
Back,1,FALSE,Cloak of Tormented Skies,Cloak of Tormented Skies,41238,31,0,48,0,0,0,0,0,0,0,0,337,24,0,0,,,,,0,Stamina,FALSE,,,,,,,,,
Back,1,FALSE,Cloak of the Shadowed Sun,Cloak of the Shadowed Sun,40252,56,0,84,0,0,0,0,0,0,0,0,490,25,38,0,,,,,0,Stamina,FALSE,,,,,,,,,
Back,1,FALSE,Cloak of the Gushing Wound,Cloak of the Gushing Wound,43406,0,43,64,0,0,56,29,0,0,0,0,145,0,0,0,,,,,0,Stamina,FALSE,,,,,,,,,
Back,1,FALSE,Cloak of the Enemy,Cloak of the Enemy,37728,31,0,66,0,0,0,25,0,0,0,0,145,42,0,0,,,,,0,Stamina,FALSE,,,,,,,,,
Back,1,FALSE,Cloak of Peaceful Resolutions,Cloak of Peaceful Resolutions,44188,31,0,64,0,0,0,25,0,0,0,0,140,43,0,0,,,,,0,Stamina,FALSE,,,,,,,,,
Back,1,FALSE,Cloak of Mastery,Cloak of Mastery,39404,0,50,48,0,0,100,21,23,0,0,0,150,0,0,0,,,,,0,Stamina,FALSE,,,,,,,,,
Back,1,FALSE,Cloak of Holy Extermination,Cloak of Holy Extermination,44216,0,39,57,0,0,52,0,0,0,25,0,140,0,0,0,,,,,0,Stamina,FALSE,,,,,,,,,
Back,1,FALSE,Cloak of Harsh Winds,Cloak of Harsh Winds,38441,0,14,43,0,0,30,0,0,0,23,0,121,0,0,0,,,,,0,Stamina,FALSE,,,,,,,,,
Back,1,FALSE,Cloak of Darkening,Cloak of Darkening,39297,0,29,54,0,0,100,0,0,38,0,0,150,0,0,0,,,,,0,Stamina,FALSE,,,,,,,,,
Back,1,FALSE,Cloak of Armed Strife,Cloak of Armed Strife,39225,39,0,50,0,0,0,28,0,0,0,0,486,37,0,0,,,,,0,Stamina,FALSE,,,,,,,,,
Ring,1,FALSE,Circle of Death,Circle of Death,39401,50,0,51,0,0,0,0,49,0,0,33,0,0,0,0,,,,,0,Stamina,FALSE,,,,,,,,,
Chest,1,FALSE,Chestplate of the Risen Soldier,Chestplate of the Risen Soldier,39239,90,0,96,0,0,0,0,52,89,0,0,2241,0,0,0,,,,,0,Stamina,FALSE,,,,,,,,,
Chest,1,FALSE,Chestpiece of Suspicion,Chestpiece of Suspicion,40319,0,100,115,0,0,132,0,50,67,0,0,578,0,0,0,,,,,0,Stamina,FALSE,,,,,,,,,
Chest,1,FALSE,Chestguard of the Recluse,Chestguard of the Recluse,40539,0,63,96,0,0,232,0,0,0,0,83,591,0,0,0,,,,,4,Agility,FALSE,,,,,,,,,
Chest,1,FALSE,Chestguard of the Exhausted,Chestguard of the Exhausted,40279,84,0,126,0,0,0,0,0,0,0,0,2298,67,0,49,,,,,9,Stamina,FALSE,,,,,,,,,
Chest,1,FALSE,Chestguard of Flagrant Prowess,Chestguard of Flagrant Prowess,43998,0,58,79,0,0,170,37,72,0,0,0,1286,0,0,0,,,,,6,Hit Rating,FALSE,,,,,,,,,
Gloves,1,FALSE,Charged-Bolt Grips,Charged-Bolt Grips,37846,0,50,58,0,0,100,0,36,0,0,0,341,0,0,0,,,,,6,Stamina,FALSE,,,,,,,,,
Neck,1,FALSE,Chained Military Gorget,Chained Military Gorget,40679,41,0,75,0,0,0,21,0,0,0,0,0,33,32,0,,,,,0,Stamina,FALSE,,,,,,,,,
Legs,1,FALSE,Chain Gang Legguards,Chain Gang Legguards,37890,0,55,117,0,0,156,45,0,0,0,0,477,0,0,0,,,,,0,Stamina,FALSE,,,,,,,,,
Wrist,1,FALSE,Cast Iron Shackles,Cast Iron Shackles,37891,43,28,64,0,0,0,29,0,0,0,0,948,0,0,0,,,,,0,Stamina,FALSE,,,,,,,,,
Gloves,1,FALSE,Callous-Hearted Gauntlets,Callous-Hearted Gauntlets,39726,74,0,112,0,0,0,0,0,0,0,0,1436,36,28,50,,,,,0,Stamina,FALSE,,,,,,,,,
Neck,1,FALSE,Burning Skull Pendant,Burning Skull Pendant,37646,44,0,63,0,0,0,0,0,0,0,0,0,28,0,0,,,,,0,Stamina,FALSE,,,,,,,,,
Shoulders,1,FALSE,Burdened Shoulderplates,Burdened Shoulderplates,40334,75,0,112,0,0,0,0,0,0,0,0,1723,28,36,0,,,,,0,Stamina,FALSE,,,,,,,,,
Chest,1,FALSE,Breastplate of Undeath,Breastplate of Undeath,37722,80,112,75,0,0,0,45,0,0,0,0,2166,0,0,0,,,,,0,Stamina,FALSE,,,,,,,,,
Chest,1,FALSE,Breastplate of Tormented Rage,Breastplate of Tormented Rage,40203,84,0,150,0,0,0,36,0,0,0,0,2298,58,72,0,,,,,0,Stamina,FALSE,,,,,,,,,
Chest,1,FALSE,Breastplate of the Solemn Council,Breastplate of the Solemn Council,44198,49,0,117,0,0,0,0,0,0,0,56,2166,76,0,0,,,,,0,Stamina,FALSE,,,,,,,,,
Chest,1,FALSE,Breastplate of Frozen Pain,Breastplate of Frozen Pain,40365,85,0,150,0,0,0,43,64,0,0,0,2298,0,0,0,,,,,6,Hit Rating,FALSE,,,,,,,,,
Wrist,1,FALSE,Bracers of Unrelenting Attack,Bracers of Unrelenting Attack,40330,50,0,48,0,0,0,46,41,0,0,0,1005,0,0,0,,,,,4,Hit Rating,FALSE,,,,,,,,,
Wrist,1,FALSE,Bracers of the Unholy Knight,Bracers of the Unholy Knight,40306,48,0,72,0,0,0,0,0,0,0,0,1005,38,23,26,,,,,4,Defense Rating,FALSE,,,,,,,,,
Wrist,1,FALSE,Bracers of the Tyrant,Bracers of the Tyrant,39729,57,0,61,0,0,0,0,0,55,0,32,1005,0,0,0,,,,,0,Stamina,FALSE,,,,,,,,,
Wrist,1,FALSE,Bracers of the Herald,Bracers of the Herald,37620,34,0,75,0,0,0,0,0,0,0,0,980,32,0,49,,,,,0,Stamina,FALSE,,,,,,,,,
Wrist,1,FALSE,Bracers of Lost Sentiments,Bracers of Lost Sentiments,39195,50,0,73,0,0,0,25,0,0,0,38,980,0,0,0,,,,,0,Stamina,FALSE,,,,,,,,,
Wrist,1,FALSE,Bracers of Dalaran's Parapets,Bracers of Dalaran's Parapets,40734,43,0,84,0,0,0,28,0,0,0,0,1005,37,0,38,,,,,0,Stamina,FALSE,,,,,,,,,
Neck,1,FALSE,Boundless Ambition,Boundless Ambition,40387,49,0,94,0,0,0,0,0,0,0,31,336,46,0,0,,,,,0,Stamina,FALSE,,,,,,,,,
Boots,1,FALSE,Boots of Twinkling Stars,Boots of Twinkling Stars,44182,0,42,49,0,0,66,0,0,58,0,0,862,0,0,0,,,,,0,Stamina,FALSE,,,,,,,,,
Boots,1,FALSE,Boots of the Worshiper,Boots of the Worshiper,39196,0,66,49,0,0,96,0,38,51,0,0,388,0,0,0,,,,,0,Stamina,FALSE,,,,,,,,,
Boots,1,FALSE,Boots of the Whirling Mist,Boots of the Whirling Mist,37666,0,58,57,0,0,116,38,0,0,0,0,375,0,0,0,,,,,0,Stamina,FALSE,,,,,,,,,
Boots,1,FALSE,Boots of the Terrestrial Guardian,Boots of the Terrestrial Guardian,36999,0,45,34,0,0,92,0,23,0,0,0,805,0,0,0,,,,,0,Stamina,FALSE,,,,,,,,,
Boots,1,FALSE,Boots of the Renewed Flight,Boots of the Renewed Flight,40549,0,88,60,0,0,122,0,50,0,0,0,903,0,0,0,,,,,0,Stamina,FALSE,,,,,,,,,
Boots,1,FALSE,Boots of the Neverending Path,Boots of the Neverending Path,44297,0,51,49,0,0,122,66,0,0,0,0,388,0,0,0,,,,,0,Stamina,FALSE,,,,,,,,,
Boots,1,FALSE,Boots of the Great Construct,Boots of the Great Construct,40367,0,42,75,0,0,134,0,39,40,0,0,884,0,0,0,,,,,4,Agility,FALSE,,,,,,,,,
Boots,1,FALSE,Boots of Captain Ellis,Boots of Captain Ellis,40748,0,37,85,0,0,150,0,43,55,0,0,398,0,0,0,,,,,0,Stamina,FALSE,,,,,,,,,
Legs,1,FALSE,Bolstered Legplates,Bolstered Legplates,43500,68,0,123,0,0,0,45,0,0,0,0,1961,81,0,0,,,,,6,Stamina,FALSE,,,,,,,,,
Head,1,FALSE,Blue Aspect Helm,Blue Aspect Helm,40543,0,58,68,0,0,202,0,58,51,0,0,1067,0,0,0,,,,,4,Haste Rating,FALSE,,,,,,,,,
Waist,1,FALSE,Blistered Belt of Decay,Blistered Belt of Decay,39279,0,66,57,0,0,102,0,0,48,0,0,317,0,0,0,,,,,0,Stamina,FALSE,,,,,,,,,
Boots,1,FALSE,Bladed Steelboots,Bladed Steelboots,40742,75,0,112,0,0,0,43,53,0,0,0,1580,0,0,0,,,,,0,Stamina,FALSE,,,,,,,,,
Chest,1,FALSE,Blade-Scarred Tunic,Blade-Scarred Tunic,43990,0,60,88,0,0,148,60,0,43,0,0,564,0,0,0,,,,,6,Agility,FALSE,,,,,,,,,
Boots,1,FALSE,Black Chitinguard Boots,Black Chitinguard Boots,38590,0,39,62,0,0,76,0,33,0,0,0,345,0,0,0,,,,,0,Stamina,FALSE,,,,,,,,,
Wrist,1,FALSE,Bindings of the Tunneler,Bindings of the Tunneler,37183,0,31,67,0,0,84,0,0,0,0,25,239,0,0,0,,,,,0,Stamina,FALSE,,,,,,,,,
Wrist,1,FALSE,Bindings of the Hapless Prey,Bindings of the Hapless Prey,39764,56,0,84,0,0,0,0,0,0,0,0,1005,37,0,0,,,,,0,Stamina,FALSE,,,,,,,,,
Wrist,1,FALSE,Bindings of Dark Will,Bindings of Dark Will,37682,42,0,66,0,0,0,0,0,0,0,0,948,27,0,30,,,,,0,Stamina,FALSE,,,,,,,,,
Gloves,1,FALSE,Bile-Cured Gloves,Bile-Cured Gloves,37678,0,42,85,0,0,116,0,33,0,0,0,341,0,0,0,,,,,0,Stamina,FALSE,,,,,,,,,
Waist,1,FALSE,Belt of the Tortured,Belt of the Tortured,40260,0,53,75,0,0,150,50,43,0,0,0,325,0,0,0,,,,,0,Stamina,FALSE,,,,,,,,,
Waist,1,FALSE,Belt of Tasseled Lanterns,Belt of Tasseled Lanterns,37648,0,38,45,0,0,100,0,38,0,0,0,682,0,0,0,,,,,8,Attack Power,FALSE,,,,,,,,,
Legs,1,FALSE,Belabored Legplates,Belabored Legplates,43994,85,0,150,0,0,0,42,72,0,0,0,2011,0,0,0,,,,,6,Crit Rating,FALSE,,,,,,,,,
Waist,1,FALSE,Batrider's Cord,Batrider's Cord,37714,0,57,49,0,0,116,0,0,42,0,0,307,0,0,0,,,,,0,Stamina,FALSE,,,,,,,,,
Wrist,1,FALSE,Bands of Anxiety,Bands of Anxiety,39278,0,38,49,0,0,68,24,36,0,0,0,549,0,0,0,,,,,0,Stamina,FALSE,,,,,,,,,
Trinket,1,FALSE,Bandit's Insignia,Bandit's Insignia,40371,0,0,0,0,0,190,0,0,0,0,0,0,0,0,0,,,,,0,Stamina,TRUE,Proc,Hit,0.15,,Damage,0,45,1504,2256
Ring,1,FALSE,Band of Torture,Band of Torture,37257,42,0,66,0,0,0,0,0,0,0,0,406,28,0,0,,,,,0,Stamina,FALSE,,,,,,,,,
Legs,1,FALSE,Azure Strappy Pants,Azure Strappy Pants,44117,0,67,54,0,0,138,53,0,0,0,0,436,0,0,0,,,,,0,Stamina,FALSE,,,,,,,,,
Legs,1,FALSE,Azure Ringmail Leggings,Azure Ringmail Leggings,37262,0,52,52,0,0,154,0,78,0,0,0,1061,0,0,0,,,,,0,Stamina,FALSE,,,,,,,,,
Chest,1,FALSE,Aviary Guardsman's Hauberk,Aviary Guardsman's Hauberk,37800,0,60,60,0,0,140,0,0,38,0,0,1212,0,0,0,,,,,9,Stamina,FALSE,,,,,,,,,
Head,1,FALSE,Armored Titanium Goggles,Armored Titanium Goggles,42549,73,0,111,0,0,0,0,0,0,0,43,1821,60,0,0,,,,,8,Expertise Rating,FALSE,,,,,,,,,
Wrist,1,FALSE,Armguard of the Tower Archer,Armguard of the Tower Archer,40736,0,38,55,0,0,112,28,0,30,0,0,563,0,0,0,,,,,0,Stamina,FALSE,,,,,,,,,
Head,1,FALSE,Arcane-Shielded Helm,Arcane-Shielded Helm,37135,61,0,93,0,0,0,0,0,0,0,0,1760,36,52,0,,,,,8,Defense Rating,FALSE,,,,,,,,,
Head,1,FALSE,Arc-Scorched Helmet,Arc-Scorched Helmet,39294,0,47,78,0,0,148,0,48,30,0,0,1019,0,0,0,,,,,8,Crit Rating,FALSE,,,,,,,,,
Wrist,1,FALSE,Arachnoid Gold Band,Arachnoid Gold Band,39702,0,30,57,0,0,112,0,29,37,0,0,563,0,0,0,,,,,0,Stamina,FALSE,,,,,,,,,
Waist,1,FALSE,Ancient Aligned Girdle,Ancient Aligned Girdle,37241,38,0,99,0,0,0,0,0,0,0,0,1261,48,66,0,,,,,0,Stamina,FALSE,,,,,,,,,
Neck,1,FALSE,Amulet of Autopsy,Amulet of Autopsy,39246,50,0,75,0,0,0,0,0,0,0,0,350,25,27,0,,,,,0,Stamina,FALSE,,,,,,,,,
Back,1,FALSE,Aged Winter Cloak,Aged Winter Cloak,40250,0,38,57,0,0,110,0,43,0,28,0,154,0,0,0,,,,,0,Stamina,FALSE,,,,,,,,,
Shoulders,1,FALSE,Abomination Shoulderblades,Abomination Shoulderblades,39267,53,0,87,0,0,0,28,0,0,0,0,1681,38,40,0,,,,,4,Defense Rating,FALSE,,,,,,,,,
Waist,1,FALSE,Ablative Chitin Girdle,Ablative Chitin Girdle,39759,74,0,100,0,0,0,37,0,0,0,0,1293,43,0,47,,,,,4,Defense Rating,FALSE,,,,,,,,,
Trinket,1,FALSE,Darkmoon Card: Greatness,Darkmoon Card: Greatness,42987,90,0,0,0,0,0,0,0,0,0,0,0,0,0,0,,,,,0,Stamina,TRUE,Proc,Hit,0.35,300,Strength,15,45,,
Sigil,0,FALSE,Sigil of the Wild Buck,Sigil of the Wild Buck,40867,0,0,0,0,0,0,0,0,0,0,0,0,0,0,0,,,,,0,Stamina,FALSE,,,,,,,,,